{"mean_reward": 290.5057408487225, "std_reward": 20.063278991850364, "is_deterministic": true, "n_eval_episodes": 10, "eval_datetime": "2024-03-23T09:31:00.211613"}